frame,track_id,jersey,x1,y1,x2,y2,cx,cy,field_x,field_y
1,1,,993,246,1023,317,1008,317,0.0,0.0
1,2,,270,554,312,636,291,636,0.0,0.0
1,3,,291,237,350,306,320,306,0.0,0.0
1,4,,601,550,636,633,618,633,0.0,0.0
1,5,,801,69,832,136,816,136,0.0,0.0
1,6,,325,413,379,483,352,483,0.0,0.0
2,7,,270,554,312,636,291,636,0.0,0.0
2,8,,993,247,1024,318,1008,318,0.0,0.0
2,9,,291,237,350,306,320,306,0.0,0.0
2,10,,801,68,832,136,816,136,0.0,0.0
2,11,,603,550,638,632,620,632,0.0,0.0
2,12,,326,413,379,483,352,483,0.0,0.0
3,13,,270,553,312,635,291,635,0.0,0.0
3,14,,994,247,1024,318,1009,318,0.0,0.0
3,15,,291,237,349,306,320,306,0.0,0.0
3,16,,802,68,832,136,817,136,0.0,0.0
3,17,,607,550,640,633,623,633,0.0,0.0
3,18,,325,413,379,482,352,482,0.0,0.0
3,19,,500,63,546,126,523,126,0.0,0.0
4,20,,270,553,312,635,291,635,0.0,0.0
4,21,,995,248,1024,318,1009,318,0.0,0.0
4,22,,291,237,348,306,319,306,0.0,0.0
4,23,,802,69,832,136,817,136,0.0,0.0
4,24,,608,551,642,633,625,633,0.0,0.0
4,25,,325,413,379,482,352,482,0.0,0.0
4,26,,500,63,546,126,523,126,0.0,0.0
5,27,,269,553,313,635,291,635,0.0,0.0
5,28,,995,248,1024,318,1009,318,0.0,0.0
5,29,,607,551,645,633,626,633,0.0,0.0
5,30,,290,237,348,306,319,306,0.0,0.0
5,31,,802,69,832,136,817,136,0.0,0.0
5,32,,325,413,379,482,352,482,0.0,0.0
6,33,,269,553,313,635,291,635,0.0,0.0
6,34,,996,248,1024,318,1010,318,0.0,0.0
6,35,,609,551,649,632,629,632,0.0,0.0
6,36,,802,68,832,136,817,136,0.0,0.0
6,37,,325,413,379,482,352,482,0.0,0.0
6,38,,291,237,348,306,319,306,0.0,0.0
6,39,,501,63,546,126,523,126,0.0,0.0
7,40,,269,553,313,635,291,635,0.0,0.0
7,41,,996,248,1025,318,1010,318,0.0,0.0
7,42,,610,552,653,633,631,633,0.0,0.0
7,43,,802,69,832,136,817,136,0.0,0.0
7,44,,325,413,378,482,351,482,0.0,0.0
7,45,,500,63,545,127,522,127,0.0,0.0
8,46,,269,553,313,635,291,635,0.0,0.0
8,47,,996,248,1025,318,1010,318,0.0,0.0
8,48,,613,552,656,632,634,632,0.0,0.0
8,49,,325,413,378,482,351,482,0.0,0.0
8,50,,802,69,832,136,817,136,0.0,0.0
8,51,,499,63,545,126,522,126,0.0,0.0
9,52,,269,553,313,635,291,635,0.0,0.0
9,53,,996,249,1026,318,1011,318,0.0,0.0
9,54,,325,413,378,482,351,482,0.0,0.0
9,55,,803,69,833,136,818,136,0.0,0.0
9,56,,612,553,658,632,635,632,0.0,0.0
9,57,,500,63,545,126,522,126,0.0,0.0
9,58,,391,331,451,407,421,407,0.0,0.0
10,59,,269,553,313,635,291,635,0.0,0.0
10,60,,997,249,1026,316,1011,316,0.0,0.0
10,61,,325,413,378,482,351,482,0.0,0.0
10,62,,803,70,833,136,818,136,0.0,0.0
10,63,,609,553,662,632,635,632,0.0,0.0
10,64,,500,63,546,126,523,126,0.0,0.0
10,65,,392,329,451,407,421,407,0.0,0.0
11,66,,268,553,313,635,290,635,0.0,0.0
11,67,,997,249,1026,316,1011,316,0.0,0.0
11,68,,325,413,378,482,351,482,0.0,0.0
11,69,,803,70,833,136,818,136,0.0,0.0
11,70,,612,551,664,632,638,632,0.0,0.0
11,71,,500,63,546,126,523,126,0.0,0.0
12,72,,268,553,313,635,290,635,0.0,0.0
12,73,,997,249,1026,317,1011,317,0.0,0.0
12,74,,326,413,378,482,352,482,0.0,0.0
12,75,,803,70,833,136,818,136,0.0,0.0
12,76,,616,552,667,632,641,632,0.0,0.0
12,77,,501,63,546,126,523,126,0.0,0.0
13,78,,268,552,313,635,290,635,0.0,0.0
13,79,,997,251,1026,319,1011,319,0.0,0.0
13,80,,325,413,378,482,351,482,0.0,0.0
13,81,,803,71,833,136,818,136,0.0,0.0
13,82,,620,557,667,631,643,631,0.0,0.0
13,83,,299,237,347,304,323,304,0.0,0.0
13,84,,500,63,545,127,522,127,0.0,0.0
14,85,,268,552,313,635,290,635,0.0,0.0
14,86,,998,252,1026,318,1012,318,0.0,0.0
14,87,,325,413,378,482,351,482,0.0,0.0
14,88,,803,71,833,136,818,136,0.0,0.0
14,89,,500,62,545,126,522,126,0.0,0.0
14,90,,300,237,346,304,323,304,0.0,0.0
14,91,,623,559,668,631,645,631,0.0,0.0
15,92,,266,552,313,635,289,635,0.0,0.0
15,93,,998,252,1027,319,1012,319,0.0,0.0
15,94,,325,413,378,482,351,482,0.0,0.0
15,95,,803,71,833,136,818,136,0.0,0.0
15,96,,625,554,668,631,646,631,0.0,0.0
15,97,,298,237,347,305,322,305,0.0,0.0
16,98,,266,552,313,635,289,635,0.0,0.0
16,99,,998,253,1028,320,1013,320,0.0,0.0
16,100,,625,552,668,632,646,632,0.0,0.0
16,101,,298,236,348,304,323,304,0.0,0.0
16,102,,802,72,833,136,817,136,0.0,0.0
16,103,,325,412,378,482,351,482,0.0,0.0
16,104,,392,339,451,408,421,408,0.0,0.0
17,105,,266,553,312,635,289,635,0.0,0.0
17,106,,997,254,1027,319,1012,319,0.0,0.0
17,107,,802,72,832,136,817,136,0.0,0.0
17,108,,393,343,451,408,422,408,0.0,0.0
17,109,,625,553,666,633,645,633,0.0,0.0
17,110,,325,412,378,482,351,482,0.0,0.0
18,111,,259,554,312,635,285,635,0.0,0.0
18,112,,626,552,666,633,646,633,0.0,0.0
18,113,,802,71,832,136,817,136,0.0,0.0
18,114,,997,254,1027,318,1012,318,0.0,0.0
18,115,,393,340,450,407,421,407,0.0,0.0
18,116,,325,412,378,482,351,482,0.0,0.0
18,117,,301,231,347,304,324,304,0.0,0.0
19,118,,258,556,313,636,285,636,0.0,0.0
19,119,,801,72,832,136,816,136,0.0,0.0
19,120,,625,552,676,633,650,633,0.0,0.0
19,121,,997,254,1026,319,1011,319,0.0,0.0
19,122,,299,228,347,304,323,304,0.0,0.0
19,123,,395,336,450,408,422,408,0.0,0.0
19,124,,325,413,379,482,352,482,0.0,0.0
20,125,,258,557,315,635,286,635,0.0,0.0
20,126,,626,552,682,633,654,633,0.0,0.0
20,127,,801,72,832,136,816,136,0.0,0.0
20,128,,998,253,1027,320,1012,320,0.0,0.0
20,129,,300,229,342,303,321,303,0.0,0.0
21,130,,259,559,316,635,287,635,0.0,0.0
21,131,,629,550,682,632,655,632,0.0,0.0
21,132,,300,229,340,304,320,304,0.0,0.0
21,133,,998,251,1027,320,1012,320,0.0,0.0
21,134,,801,72,832,136,816,136,0.0,0.0
22,135,,259,562,316,635,287,635,0.0,0.0
22,136,,633,549,682,632,657,632,0.0,0.0
22,137,,800,73,831,136,815,136,0.0,0.0
22,138,,999,249,1028,319,1013,319,0.0,0.0
22,139,,299,228,338,303,318,303,0.0,0.0
23,140,,259,565,319,634,289,634,0.0,0.0
23,141,,633,548,682,631,657,631,0.0,0.0
23,142,,999,246,1029,316,1014,316,0.0,0.0
23,143,,300,228,337,303,318,303,0.0,0.0
23,144,,800,73,831,136,815,136,0.0,0.0
24,145,,258,566,320,634,289,634,0.0,0.0
24,146,,1000,245,1028,313,1014,313,0.0,0.0
24,147,,799,73,830,135,814,135,0.0,0.0
24,148,,632,547,682,629,657,629,0.0,0.0
24,149,,300,230,336,304,318,304,0.0,0.0
25,150,,258,567,323,634,290,634,0.0,0.0
25,151,,999,243,1028,310,1013,310,0.0,0.0
25,152,,799,73,829,135,814,135,0.0,0.0
25,153,,299,231,335,304,317,304,0.0,0.0
25,154,,631,547,683,628,657,628,0.0,0.0
26,155,,259,566,327,634,293,634,0.0,0.0
26,156,,997,240,1027,308,1012,308,0.0,0.0
26,157,,298,232,335,303,316,303,0.0,0.0
26,158,,799,73,828,135,813,135,0.0,0.0
26,159,,630,547,685,628,657,628,0.0,0.0
26,160,,569,217,598,287,583,287,0.0,0.0
27,161,,998,239,1027,306,1012,306,0.0,0.0
27,162,,262,564,331,634,296,634,0.0,0.0
27,163,,296,231,335,303,315,303,0.0,0.0
27,164,,630,548,687,629,658,629,0.0,0.0
27,165,,798,73,828,135,813,135,0.0,0.0
27,166,,572,216,598,287,585,287,0.0,0.0
27,167,,334,426,385,485,359,485,0.0,0.0
28,168,,1000,238,1027,307,1013,307,0.0,0.0
28,169,,294,231,333,302,313,302,0.0,0.0
28,170,,266,564,334,634,300,634,0.0,0.0
28,171,,798,73,828,135,813,135,0.0,0.0
28,172,,653,548,690,629,671,629,0.0,0.0
29,173,,654,549,693,627,673,627,0.0,0.0
29,174,,292,232,333,302,312,302,0.0,0.0
29,175,,1000,236,1028,305,1014,305,0.0,0.0
29,176,,797,73,827,135,812,135,0.0,0.0
29,177,,273,563,339,635,306,635,0.0,0.0
29,178,,577,213,605,281,591,281,0.0,0.0
30,179,,289,232,330,303,309,303,0.0,0.0
30,180,,999,234,1029,302,1014,302,0.0,0.0
30,181,,656,551,699,627,677,627,0.0,0.0
30,182,,796,72,827,135,811,135,0.0,0.0
30,183,,578,211,607,278,592,278,0.0,0.0
31,184,,287,233,322,304,304,304,0.0,0.0
31,185,,998,232,1029,294,1013,294,0.0,0.0
31,186,,656,550,707,627,681,627,0.0,0.0
31,187,,796,73,825,134,810,134,0.0,0.0
32,188,,285,232,316,304,300,304,0.0,0.0
32,189,,998,231,1030,296,1014,296,0.0,0.0
32,190,,795,73,824,134,809,134,0.0,0.0
32,191,,654,551,709,628,681,628,0.0,0.0
33,192,,283,233,311,303,297,303,0.0,0.0
33,193,,999,231,1030,296,1014,296,0.0,0.0
33,194,,795,73,824,135,809,135,0.0,0.0
33,195,,287,562,357,637,322,637,0.0,0.0
33,196,,654,551,709,628,681,628,0.0,0.0
33,197,,588,207,617,275,602,275,0.0,0.0
34,198,,1000,229,1030,293,1015,293,0.0,0.0
34,199,,280,232,309,304,294,304,0.0,0.0
34,200,,794,73,824,134,809,134,0.0,0.0
34,201,,658,551,710,625,684,625,0.0,0.0
34,202,,290,563,360,635,325,635,0.0,0.0
35,203,,1002,226,1032,292,1017,292,0.0,0.0
35,204,,793,73,823,135,808,135,0.0,0.0
35,205,,278,233,307,303,292,303,0.0,0.0
35,206,,665,550,711,624,688,624,0.0,0.0
36,207,,1001,224,1034,287,1017,287,0.0,0.0
36,208,,791,73,822,135,806,135,0.0,0.0
36,209,,275,233,305,302,290,302,0.0,0.0
36,210,,669,550,712,623,690,623,0.0,0.0
36,211,,591,201,627,269,609,269,0.0,0.0
37,212,,1000,221,1036,287,1018,287,0.0,0.0
37,213,,789,73,821,135,805,135,0.0,0.0
37,214,,310,563,374,637,342,637,0.0,0.0
37,215,,274,233,302,301,288,301,0.0,0.0
37,216,,671,550,714,623,692,623,0.0,0.0
37,217,,591,200,634,268,612,268,0.0,0.0
38,218,,999,220,1038,287,1018,287,0.0,0.0
38,219,,788,73,821,135,804,135,0.0,0.0
38,220,,594,198,634,268,614,268,0.0,0.0
38,221,,673,551,716,623,694,623,0.0,0.0
38,222,,329,561,379,638,354,638,0.0,0.0
38,223,,419,430,471,495,445,495,0.0,0.0
38,224,,352,445,402,506,377,506,0.0,0.0
38,225,,270,235,301,300,285,300,0.0,0.0
38,226,,561,286,592,341,576,341,0.0,0.0
39,227,,999,218,1040,285,1019,285,0.0,0.0
39,228,,787,73,820,135,803,135,0.0,0.0
39,229,,675,551,718,623,696,623,0.0,0.0
39,230,,600,196,634,266,617,266,0.0,0.0
39,231,,417,434,469,498,443,498,0.0,0.0
39,232,,354,444,404,506,379,506,0.0,0.0
39,233,,340,561,384,637,362,637,0.0,0.0
40,234,,1002,215,1040,282,1021,282,0.0,0.0
40,235,,675,551,723,624,699,624,0.0,0.0
40,236,,786,73,819,135,802,135,0.0,0.0
40,237,,346,563,388,636,367,636,0.0,0.0
40,238,,603,194,638,262,620,262,0.0,0.0
40,239,,561,288,603,344,582,344,0.0,0.0
40,240,,260,236,297,302,278,302,0.0,0.0
40,241,,407,358,464,426,435,426,0.0,0.0
40,242,,526,340,558,407,542,407,0.0,0.0
40,243,,419,438,468,496,443,496,0.0,0.0
41,244,,1005,213,1041,280,1023,280,0.0,0.0
41,245,,786,71,818,134,802,134,0.0,0.0
41,246,,676,551,727,625,701,625,0.0,0.0
41,247,,258,237,294,302,276,302,0.0,0.0
41,248,,605,192,639,261,622,261,0.0,0.0
41,249,,559,288,607,346,583,346,0.0,0.0
41,250,,350,563,393,635,371,635,0.0,0.0
42,251,,1008,211,1043,277,1025,277,0.0,0.0
42,252,,785,70,818,134,801,134,0.0,0.0
42,253,,258,236,294,304,276,304,0.0,0.0
42,254,,677,552,732,625,704,625,0.0,0.0
42,255,,607,189,642,261,624,261,0.0,0.0
42,256,,561,289,612,348,586,348,0.0,0.0
43,257,,1011,211,1046,274,1028,274,0.0,0.0
43,258,,678,554,738,625,708,625,0.0,0.0
43,259,,257,237,294,305,275,305,0.0,0.0
43,260,,785,70,818,134,801,134,0.0,0.0
43,261,,360,453,420,519,390,519,0.0,0.0
43,262,,369,567,417,636,393,636,0.0,0.0
43,263,,517,138,573,196,545,196,0.0,0.0
44,264,,1013,209,1046,275,1029,275,0.0,0.0
44,265,,678,554,740,626,709,626,0.0,0.0
44,266,,256,238,291,307,273,307,0.0,0.0
44,267,,783,71,816,134,799,134,0.0,0.0
44,268,,366,454,423,522,394,522,0.0,0.0
44,269,,579,292,618,347,598,347,0.0,0.0
45,270,,1014,208,1046,275,1030,275,0.0,0.0
45,271,,256,240,289,311,272,311,0.0,0.0
45,272,,678,556,740,626,709,626,0.0,0.0
45,273,,782,73,815,133,798,133,0.0,0.0
45,274,,618,187,655,253,636,253,0.0,0.0
45,275,,584,293,616,348,600,348,0.0,0.0
45,276,,541,346,578,407,559,407,0.0,0.0
46,277,,1014,208,1046,275,1030,275,0.0,0.0
46,278,,256,241,288,311,272,311,0.0,0.0
46,279,,782,74,815,132,798,132,0.0,0.0
46,280,,677,558,739,624,708,624,0.0,0.0
46,281,,623,186,660,245,641,245,0.0,0.0
47,282,,1014,207,1049,272,1031,272,0.0,0.0
47,283,,248,241,289,312,268,312,0.0,0.0
47,284,,780,74,816,132,798,132,0.0,0.0
47,285,,627,186,661,249,644,249,0.0,0.0
48,286,,247,241,289,312,268,312,0.0,0.0
48,287,,778,75,814,132,796,132,0.0,0.0
48,288,,629,186,664,246,646,246,0.0,0.0
48,289,,673,555,735,624,704,624,0.0,0.0
49,290,,246,241,290,312,268,312,0.0,0.0
49,291,,777,77,814,132,795,132,0.0,0.0
49,292,,670,556,732,623,701,623,0.0,0.0
49,293,,632,183,670,245,651,245,0.0,0.0
49,294,,593,300,627,362,610,362,0.0,0.0
49,295,,1015,206,1055,259,1035,259,0.0,0.0
49,296,,400,569,451,639,425,639,0.0,0.0
50,297,,774,78,813,132,793,132,0.0,0.0
50,298,,248,239,291,312,269,312,0.0,0.0
50,299,,1016,205,1059,257,1037,257,0.0,0.0
50,300,,638,180,675,244,656,244,0.0,0.0
50,301,,403,568,452,637,427,637,0.0,0.0
50,302,,595,302,633,365,614,365,0.0,0.0
50,303,,549,353,588,416,568,416,0.0,0.0
51,304,,773,78,811,133,792,133,0.0,0.0
51,305,,406,568,452,636,429,636,0.0,0.0
51,306,,1017,204,1060,257,1038,257,0.0,0.0
51,307,,640,182,679,243,659,243,0.0,0.0
51,308,,255,238,291,311,273,311,0.0,0.0
51,309,,597,303,635,364,616,364,0.0,0.0
52,310,,772,78,809,133,790,133,0.0,0.0
52,311,,1019,204,1059,256,1039,256,0.0,0.0
52,312,,408,567,453,635,430,635,0.0,0.0
52,313,,253,237,291,311,272,311,0.0,0.0
52,314,,642,181,682,241,662,241,0.0,0.0
53,315,,408,566,453,635,430,635,0.0,0.0
53,316,,252,236,291,311,271,311,0.0,0.0
53,317,,555,361,588,414,571,414,0.0,0.0
53,318,,414,175,450,251,432,251,0.0,0.0
53,319,,608,306,639,364,623,364,0.0,0.0
54,320,,408,564,455,633,431,633,0.0,0.0
54,321,,1020,203,1056,256,1038,256,0.0,0.0
54,322,,253,236,291,310,272,310,0.0,0.0
55,323,,617,547,695,618,656,618,0.0,0.0
55,324,,409,560,454,632,431,632,0.0,0.0
55,325,,591,123,621,182,606,182,0.0,0.0
55,326,,1023,202,1055,255,1039,255,0.0,0.0
55,327,,482,236,517,311,499,311,0.0,0.0
56,328,,617,546,693,617,655,617,0.0,0.0
56,329,,1023,201,1055,253,1039,253,0.0,0.0
56,330,,763,79,791,137,777,137,0.0,0.0
56,331,,407,555,455,630,431,630,0.0,0.0
57,332,,1023,200,1056,253,1039,253,0.0,0.0
57,333,,617,545,688,616,652,616,0.0,0.0
57,334,,619,306,661,374,640,374,0.0,0.0
57,335,,405,550,455,627,430,627,0.0,0.0
57,336,,761,79,787,137,774,137,0.0,0.0
57,337,,556,367,590,426,573,426,0.0,0.0
57,338,,256,240,293,309,274,309,0.0,0.0
58,339,3,1023,199,1055,252,1039,252,0.0,0.0
58,340,,617,543,681,615,649,615,0.0,0.0
58,341,,621,309,664,377,642,377,0.0,0.0
58,342,,402,546,452,625,427,625,0.0,0.0
58,343,,306,207,355,259,330,259,0.0,0.0
58,344,,556,368,590,426,573,426,0.0,0.0
58,345,,758,81,786,137,772,137,0.0,0.0
58,346,,252,243,294,310,273,310,0.0,0.0
59,347,,402,542,448,622,425,622,0.0,0.0
59,348,,621,317,666,378,643,378,0.0,0.0
59,349,,1021,199,1055,252,1038,252,0.0,0.0
59,350,,618,543,670,612,644,612,0.0,0.0
59,351,,755,82,786,137,770,137,0.0,0.0
60,352,,620,319,668,379,644,379,0.0,0.0
60,353,,1023,199,1054,252,1038,252,0.0,0.0
60,354,,401,539,442,617,421,617,0.0,0.0
60,355,,753,82,784,137,768,137,0.0,0.0
60,356,,243,243,296,310,269,310,0.0,0.0
61,357,,1023,199,1053,252,1038,252,0.0,0.0
61,358,,242,241,299,309,270,309,0.0,0.0
61,359,,620,320,668,378,644,378,0.0,0.0
61,360,,397,536,436,615,416,615,0.0,0.0
61,361,,752,82,783,137,767,137,0.0,0.0
62,362,,242,243,300,308,271,308,0.0,0.0
62,363,,458,472,532,537,495,537,0.0,0.0
62,364,,1026,200,1053,253,1039,253,0.0,0.0
62,365,,397,533,435,612,416,612,0.0,0.0
62,366,,752,81,781,138,766,138,0.0,0.0
63,367,,246,240,299,308,272,308,0.0,0.0
63,368,,459,474,538,542,498,542,0.0,0.0
63,369,,396,527,435,611,415,611,0.0,0.0
63,370,,1025,200,1054,252,1039,252,0.0,0.0
63,371,,751,80,779,138,765,138,0.0,0.0
63,372,,557,375,599,434,578,434,0.0,0.0
63,373,,464,394,496,461,480,461,0.0,0.0
63,374,,626,324,668,377,647,377,0.0,0.0
64,375,,250,240,301,307,275,307,0.0,0.0
64,376,,464,395,496,466,480,466,0.0,0.0
64,377,,1025,199,1054,251,1039,251,0.0,0.0
64,378,,395,522,433,608,414,608,0.0,0.0
64,379,,558,376,602,438,580,438,0.0,0.0
64,380,,300,286,351,344,325,344,0.0,0.0
64,381,,303,215,346,271,324,271,0.0,0.0
64,382,,464,476,537,540,500,540,0.0,0.0
65,383,,251,239,302,306,276,306,0.0,0.0
65,384,,393,519,431,601,412,601,0.0,0.0
65,385,,0,151,9,212,4,212,0.0,0.0
65,386,,466,395,497,470,481,470,0.0,0.0
65,387,,300,216,346,273,323,273,0.0,0.0
65,388,,466,478,539,541,502,541,0.0,0.0
65,389,,1025,199,1055,249,1040,249,0.0,0.0
65,390,,557,376,600,442,578,442,0.0,0.0
65,391,,627,325,667,378,647,378,0.0,0.0
66,392,,253,237,303,305,278,305,0.0,0.0
66,393,,390,518,428,597,409,597,0.0,0.0
66,394,,466,396,498,472,482,472,0.0,0.0
66,395,,0,149,12,212,6,212,0.0,0.0
66,396,,556,377,597,442,576,442,0.0,0.0
66,397,,1025,198,1051,249,1038,249,0.0,0.0
66,398,,303,217,345,272,324,272,0.0,0.0
66,399,,626,324,667,381,646,381,0.0,0.0
67,400,,254,234,303,303,278,303,0.0,0.0
67,401,,0,149,15,210,7,210,0.0,0.0
67,402,,467,397,500,472,483,472,0.0,0.0
67,403,,1024,198,1051,248,1037,248,0.0,0.0
67,404,,581,536,622,604,601,604,0.0,0.0
68,405,,255,233,304,301,279,301,0.0,0.0
68,406,,0,148,18,208,9,208,0.0,0.0
68,407,,1023,198,1051,248,1037,248,0.0,0.0
68,408,,469,398,504,471,486,471,0.0,0.0
69,409,,0,148,22,207,11,207,0.0,0.0
69,410,,257,231,305,300,281,300,0.0,0.0
69,411,,1022,196,1049,247,1035,247,0.0,0.0
70,412,,258,230,304,298,281,298,0.0,0.0
70,413,,2,146,25,206,13,206,0.0,0.0
70,414,,1021,196,1048,245,1034,245,0.0,0.0
70,415,,700,167,742,218,721,218,0.0,0.0
71,416,,6,145,26,205,16,205,0.0,0.0
71,417,,257,227,301,296,279,296,0.0,0.0
71,418,,1020,195,1046,243,1033,243,0.0,0.0
72,419,,9,143,30,203,19,203,0.0,0.0
72,420,,257,226,300,293,278,293,0.0,0.0
72,421,,1020,195,1044,241,1032,241,0.0,0.0
72,422,,415,350,450,418,432,418,0.0,0.0
72,423,,381,496,418,561,399,561,0.0,0.0
73,424,,11,142,32,202,21,202,0.0,0.0
73,425,,1017,196,1043,239,1030,239,0.0,0.0
73,426,,261,224,299,292,280,292,0.0,0.0
73,427,,477,398,515,468,496,468,0.0,0.0
73,428,,455,197,494,271,474,271,0.0,0.0
74,429,,14,140,35,201,24,201,0.0,0.0
74,430,,1016,196,1042,237,1029,237,0.0,0.0
74,431,,380,484,419,556,399,556,0.0,0.0
74,432,,478,398,519,468,498,468,0.0,0.0
74,433,,264,222,300,291,282,291,0.0,0.0
75,434,,17,138,37,200,27,200,0.0,0.0
75,435,,1015,195,1041,237,1028,237,0.0,0.0
75,436,,265,221,301,290,283,290,0.0,0.0
76,437,,19,138,39,199,29,199,0.0,0.0
76,438,,1015,194,1040,239,1027,239,0.0,0.0
76,439,,266,221,301,289,283,289,0.0,0.0
77,440,3,1015,193,1039,240,1027,240,0.0,0.0
77,441,,19,137,40,199,29,199,0.0,0.0
77,442,,267,219,301,287,284,287,0.0,0.0
77,443,,458,190,500,259,479,259,0.0,0.0
78,444,,1014,192,1038,241,1026,241,0.0,0.0
78,445,,20,138,40,198,30,198,0.0,0.0
78,446,,459,189,500,257,479,257,0.0,0.0
78,447,,391,454,424,539,407,539,0.0,0.0
78,448,,266,218,302,286,284,286,0.0,0.0
79,449,,1013,192,1037,240,1025,240,0.0,0.0
79,450,,21,136,42,196,31,196,0.0,0.0
80,451,,1013,193,1036,239,1024,239,0.0,0.0
80,452,,21,135,42,195,31,195,0.0,0.0
80,453,,458,185,498,252,478,252,0.0,0.0
81,454,,1013,194,1037,241,1025,241,0.0,0.0
81,455,,22,135,42,194,32,194,0.0,0.0
81,456,,273,283,329,344,301,344,0.0,0.0
82,457,,1013,195,1040,242,1026,242,0.0,0.0
82,458,,268,288,323,350,295,350,0.0,0.0
82,459,,22,135,43,193,32,193,0.0,0.0
83,460,,1012,197,1042,242,1027,242,0.0,0.0
83,461,,269,289,319,351,294,351,0.0,0.0
83,462,,22,135,43,193,32,193,0.0,0.0
83,463,,458,181,502,247,480,247,0.0,0.0
84,464,,22,135,43,193,32,193,0.0,0.0
84,465,,1012,197,1044,244,1028,244,0.0,0.0
84,466,,270,213,303,283,286,283,0.0,0.0
85,467,,22,135,44,192,33,192,0.0,0.0
85,468,,270,212,304,282,287,282,0.0,0.0
85,469,,1012,198,1044,248,1028,248,0.0,0.0
86,470,,22,135,45,192,33,192,0.0,0.0
86,471,,270,212,305,282,287,282,0.0,0.0
86,472,,1012,197,1043,251,1027,251,0.0,0.0
86,473,,267,294,320,353,293,353,0.0,0.0
87,474,,1011,198,1042,253,1026,253,0.0,0.0
87,475,,22,135,44,191,33,191,0.0,0.0
87,476,,270,212,305,282,287,282,0.0,0.0
87,477,,266,297,321,355,293,355,0.0,0.0
88,478,,1012,200,1039,253,1025,253,0.0,0.0
88,479,,22,134,45,191,33,191,0.0,0.0
88,480,,270,212,305,281,287,281,0.0,0.0
88,481,,269,299,321,357,295,357,0.0,0.0
89,482,,1012,202,1037,253,1024,253,0.0,0.0
89,483,,270,212,304,281,287,281,0.0,0.0
89,484,,22,134,46,190,34,190,0.0,0.0
89,485,,270,299,319,358,294,358,0.0,0.0
90,486,,269,300,319,363,294,363,0.0,0.0
90,487,,270,211,305,280,287,280,0.0,0.0
90,488,,1012,205,1036,253,1024,253,0.0,0.0
90,489,,23,134,47,190,35,190,0.0,0.0
91,490,,1011,205,1035,253,1023,253,0.0,0.0
91,491,,270,211,304,279,287,279,0.0,0.0
91,492,,270,302,320,365,295,365,0.0,0.0
91,493,,23,133,47,190,35,190,0.0,0.0
92,494,,1011,206,1034,254,1022,254,0.0,0.0
92,495,,271,211,305,279,288,279,0.0,0.0
92,496,,23,133,48,191,35,191,0.0,0.0
93,497,,1011,207,1034,259,1022,259,0.0,0.0
93,498,,271,210,306,278,288,278,0.0,0.0
93,499,,24,133,49,190,36,190,0.0,0.0
94,500,,1010,208,1033,263,1021,263,0.0,0.0
94,501,,271,210,306,277,288,277,0.0,0.0
94,502,,24,132,50,191,37,191,0.0,0.0
95,503,,1010,210,1034,265,1022,265,0.0,0.0
95,504,,271,210,307,277,289,277,0.0,0.0
95,505,,25,132,53,191,39,191,0.0,0.0
95,506,,564,360,596,428,580,428,0.0,0.0
96,507,,1010,212,1034,265,1022,265,0.0,0.0
96,508,,271,209,307,277,289,277,0.0,0.0
96,509,,27,131,55,190,41,190,0.0,0.0
96,510,,745,179,772,229,758,229,0.0,0.0
96,511,,559,366,593,431,576,431,0.0,0.0
97,512,,1010,214,1035,264,1022,264,0.0,0.0
97,513,,271,209,307,276,289,276,0.0,0.0
97,514,,28,132,56,190,42,190,0.0,0.0
97,515,,746,181,775,228,760,228,0.0,0.0
97,516,,556,371,593,435,574,435,0.0,0.0
98,517,,271,209,307,276,289,276,0.0,0.0
98,518,,28,132,58,190,43,190,0.0,0.0
98,519,,1009,214,1037,264,1023,264,0.0,0.0
98,520,,747,182,776,229,761,229,0.0,0.0
99,521,,271,209,308,275,289,275,0.0,0.0
99,522,,28,132,58,190,43,190,0.0,0.0
99,523,,748,183,778,233,763,233,0.0,0.0
99,524,,1009,216,1038,263,1023,263,0.0,0.0
99,525,,533,318,565,374,549,374,0.0,0.0
100,526,,272,209,308,275,290,275,0.0,0.0
100,527,,25,131,59,190,42,190,0.0,0.0
100,528,,749,183,778,238,763,238,0.0,0.0
100,529,,535,318,568,376,551,376,0.0,0.0
100,530,,1009,218,1039,260,1024,260,0.0,0.0
101,531,,272,208,308,275,290,275,0.0,0.0
101,532,,1009,218,1039,262,1024,262,0.0,0.0
101,533,,25,131,60,190,42,190,0.0,0.0
101,534,,534,320,572,377,553,377,0.0,0.0
101,535,,749,184,780,243,764,243,0.0,0.0
101,536,,553,477,624,552,588,552,0.0,0.0
102,537,,273,207,309,274,291,274,0.0,0.0
102,538,,555,476,625,552,590,552,0.0,0.0
102,539,,25,129,61,189,43,189,0.0,0.0
102,540,,750,187,781,246,765,246,0.0,0.0
102,541,,536,321,576,378,556,378,0.0,0.0
103,542,,275,207,309,274,292,274,0.0,0.0
103,543,,28,129,63,189,45,189,0.0,0.0
103,544,,516,163,566,218,541,218,0.0,0.0
103,545,,1009,221,1038,275,1023,275,0.0,0.0
103,546,,540,322,581,383,560,383,0.0,0.0
103,547,,751,189,779,246,765,246,0.0,0.0
104,548,,275,206,310,274,292,274,0.0,0.0
104,549,,25,128,64,189,44,189,0.0,0.0
104,550,,751,190,779,246,765,246,0.0,0.0
104,551,,1010,224,1036,279,1023,279,0.0,0.0
104,552,,529,79,553,146,541,146,0.0,0.0
104,553,,312,326,355,385,333,385,0.0,0.0
104,554,,519,162,570,216,544,216,0.0,0.0
105,555,,275,205,311,273,293,273,0.0,0.0
105,556,,1011,226,1035,277,1023,277,0.0,0.0
105,557,,751,191,778,246,764,246,0.0,0.0
105,558,,25,128,66,188,45,188,0.0,0.0
105,559,,313,328,360,387,336,387,0.0,0.0
105,560,,530,81,554,146,542,146,0.0,0.0
106,561,,277,204,311,273,294,273,0.0,0.0
106,562,,315,330,364,392,339,392,0.0,0.0
106,563,,1012,228,1036,276,1024,276,0.0,0.0
106,564,,751,192,779,245,765,245,0.0,0.0
106,565,,570,473,632,543,601,543,0.0,0.0
106,566,,403,301,439,371,421,371,0.0,0.0
107,567,,278,204,312,272,295,272,0.0,0.0
107,568,,1011,229,1036,276,1023,276,0.0,0.0
107,569,,752,193,779,244,765,244,0.0,0.0
107,570,,408,304,444,372,426,372,0.0,0.0
107,571,,321,330,369,392,345,392,0.0,0.0
107,572,,566,335,595,401,580,401,0.0,0.0
108,573,,280,203,314,270,297,270,0.0,0.0
108,574,,752,193,780,248,766,248,0.0,0.0
108,575,,414,307,446,373,430,373,0.0,0.0
108,576,,1012,230,1036,284,1024,284,0.0,0.0
108,577,,48,124,71,184,59,184,0.0,0.0
108,578,,533,80,559,145,546,145,0.0,0.0
108,579,,576,479,634,540,605,540,0.0,0.0
109,580,,281,202,316,269,298,269,0.0,0.0
109,581,,49,125,73,185,61,185,0.0,0.0
109,582,,752,193,780,249,766,249,0.0,0.0
109,583,,534,80,559,146,546,146,0.0,0.0
109,584,,581,94,611,158,596,158,0.0,0.0
109,585,,576,337,607,402,591,402,0.0,0.0
110,586,,283,201,317,268,300,268,0.0,0.0
110,587,,536,79,560,144,548,144,0.0,0.0
110,588,,580,339,612,404,596,404,0.0,0.0
110,589,,644,144,676,201,660,201,0.0,0.0
110,590,,752,196,779,251,765,251,0.0,0.0
111,591,,283,200,317,267,300,267,0.0,0.0
111,592,,580,340,619,409,599,409,0.0,0.0
111,593,,754,197,780,254,767,254,0.0,0.0
111,594,,55,123,78,180,66,180,0.0,0.0
111,595,,537,79,561,143,549,143,0.0,0.0
111,596,,593,459,651,535,622,535,0.0,0.0
111,597,,587,94,615,156,601,156,0.0,0.0
112,598,,284,198,318,266,301,266,0.0,0.0
112,599,3,755,197,782,253,768,253,0.0,0.0
112,600,,539,78,561,142,550,142,0.0,0.0
112,601,,581,342,623,412,602,412,0.0,0.0
112,602,,57,122,79,180,68,180,0.0,0.0
113,603,,285,197,318,264,301,264,0.0,0.0
113,604,,60,121,81,179,70,179,0.0,0.0
113,605,,755,198,785,253,770,253,0.0,0.0
114,606,,286,196,319,264,302,264,0.0,0.0
114,607,,756,199,787,254,771,254,0.0,0.0
114,608,,597,345,631,414,614,414,0.0,0.0
114,609,,62,123,83,182,72,182,0.0,0.0
114,610,,540,76,561,141,550,141,0.0,0.0
115,611,,287,195,320,263,303,263,0.0,0.0
115,612,,756,199,788,260,772,260,0.0,0.0
115,613,,63,121,87,183,75,183,0.0,0.0
115,614,,540,74,562,139,551,139,0.0,0.0
115,615,,603,347,633,414,618,414,0.0,0.0
115,616,,594,90,618,154,606,154,0.0,0.0
116,617,,286,194,320,262,303,262,0.0,0.0
116,618,,755,199,790,265,772,265,0.0,0.0
116,619,,376,333,415,405,395,405,0.0,0.0
116,620,,64,117,90,182,77,182,0.0,0.0
116,621,,446,323,476,385,461,385,0.0,0.0
117,622,,287,194,320,260,303,260,0.0,0.0
117,623,,384,335,421,408,402,408,0.0,0.0
117,624,,756,199,790,265,773,265,0.0,0.0
117,625,,65,119,92,182,78,182,0.0,0.0
117,626,,450,323,479,384,464,384,0.0,0.0
118,627,,288,192,321,258,304,258,0.0,0.0
118,628,,540,71,563,138,551,138,0.0,0.0
118,629,,67,123,95,180,81,180,0.0,0.0
118,630,,756,200,789,265,772,265,0.0,0.0
118,631,,392,342,427,409,409,409,0.0,0.0
118,632,,663,131,696,194,679,194,0.0,0.0
119,633,,288,190,322,258,305,258,0.0,0.0
119,634,,756,201,787,266,771,266,0.0,0.0
119,635,,398,344,432,409,415,409,0.0,0.0
119,636,,68,123,97,178,82,178,0.0,0.0
119,637,,540,71,564,137,552,137,0.0,0.0
120,638,,289,188,321,256,305,256,0.0,0.0
120,639,,755,203,784,266,769,266,0.0,0.0
120,640,,540,71,563,136,551,136,0.0,0.0
120,641,,404,342,432,408,418,408,0.0,0.0
120,642,,69,120,98,175,83,175,0.0,0.0
121,643,,290,187,323,255,306,255,0.0,0.0
121,644,,464,328,498,397,481,397,0.0,0.0
121,645,,540,69,563,136,551,136,0.0,0.0
121,646,,68,119,100,174,84,174,0.0,0.0
121,647,,408,342,435,406,421,406,0.0,0.0
121,648,,754,204,782,264,768,264,0.0,0.0
122,649,,289,185,324,252,306,252,0.0,0.0
122,650,,412,341,440,406,426,406,0.0,0.0
122,651,,668,120,704,187,686,187,0.0,0.0
122,652,,466,329,501,399,483,399,0.0,0.0
122,653,,540,67,564,135,552,135,0.0,0.0
122,654,,69,118,101,173,85,173,0.0,0.0
123,655,,470,332,503,400,486,400,0.0,0.0
123,656,,290,184,325,251,307,251,0.0,0.0
123,657,,75,115,101,171,88,171,0.0,0.0
123,658,,669,120,708,185,688,185,0.0,0.0
123,659,,540,66,564,133,552,133,0.0,0.0
124,660,,77,112,103,168,90,168,0.0,0.0
124,661,,290,181,326,250,308,250,0.0,0.0
124,662,,418,341,451,410,434,410,0.0,0.0
125,663,,292,180,326,248,309,248,0.0,0.0
125,664,,78,109,104,167,91,167,0.0,0.0
126,665,,294,178,327,246,310,246,0.0,0.0
126,666,,78,107,107,166,92,166,0.0,0.0
127,667,,299,176,328,243,313,243,0.0,0.0
127,668,,82,105,111,162,96,162,0.0,0.0
128,669,,299,174,329,243,314,243,0.0,0.0
128,670,,86,103,112,160,99,160,0.0,0.0
129,671,,301,172,329,241,315,241,0.0,0.0
129,672,,89,99,114,158,101,158,0.0,0.0
130,673,,302,170,330,240,316,240,0.0,0.0
130,674,,91,98,116,157,103,157,0.0,0.0
131,675,,303,169,331,239,317,239,0.0,0.0
131,676,,93,99,119,154,106,154,0.0,0.0
132,677,,304,166,331,236,317,236,0.0,0.0
132,678,,96,97,123,154,109,154,0.0,0.0
132,679,,755,207,784,268,769,268,0.0,0.0
133,680,,305,164,333,234,319,234,0.0,0.0
133,681,,756,207,785,273,770,273,0.0,0.0
133,682,,638,121,667,185,652,185,0.0,0.0
133,683,,701,105,732,168,716,168,0.0,0.0
134,684,,305,163,333,232,319,232,0.0,0.0
134,685,,97,94,131,150,114,150,0.0,0.0
134,686,,703,106,735,167,719,167,0.0,0.0
134,687,,756,206,786,273,771,273,0.0,0.0
135,688,,306,162,334,230,320,230,0.0,0.0
135,689,,95,94,133,149,114,149,0.0,0.0
136,690,,307,159,335,228,321,228,0.0,0.0
136,691,,95,91,136,149,115,149,0.0,0.0
136,692,,755,208,788,275,771,275,0.0,0.0
136,693,,1038,266,1069,333,1053,333,0.0,0.0
137,694,,97,89,136,146,116,146,0.0,0.0
137,695,,307,158,336,227,321,227,0.0,0.0
137,696,,756,209,788,280,772,280,0.0,0.0
137,697,,1040,266,1073,330,1056,330,0.0,0.0
138,698,,308,156,337,226,322,226,0.0,0.0
138,699,,105,87,137,144,121,144,0.0,0.0
139,700,,1044,267,1072,329,1058,329,0.0,0.0
139,701,,111,85,139,143,125,143,0.0,0.0
139,702,,308,154,337,223,322,223,0.0,0.0
140,703,,115,83,140,141,127,141,0.0,0.0
140,704,,1046,267,1073,327,1059,327,0.0,0.0
140,705,,658,108,691,175,674,175,0.0,0.0
141,706,,119,82,142,138,130,138,0.0,0.0
141,707,,661,107,695,175,678,175,0.0,0.0
142,708,,665,108,696,174,680,174,0.0,0.0
142,709,,123,79,145,137,134,137,0.0,0.0
143,710,,124,76,146,134,135,134,0.0,0.0
144,711,,122,73,144,129,133,129,0.0,0.0
144,712,,671,101,703,168,687,168,0.0,0.0
145,713,,1,225,33,287,17,287,0.0,0.0
145,714,,675,96,707,164,691,164,0.0,0.0
145,715,,119,65,144,126,131,126,0.0,0.0
146,716,,0,222,34,288,17,288,0.0,0.0
146,717,,677,93,710,160,693,160,0.0,0.0
146,718,,311,137,342,208,326,208,0.0,0.0
146,719,,118,61,142,125,130,125,0.0,0.0
147,720,,680,88,714,158,697,158,0.0,0.0
147,721,,1074,274,1122,337,1098,337,0.0,0.0
147,722,,116,56,142,123,129,123,0.0,0.0
147,723,,632,27,672,102,652,102,0.0,0.0
147,724,,0,220,35,286,17,286,0.0,0.0
148,725,,1,216,34,285,17,285,0.0,0.0
148,726,,115,52,140,120,127,120,0.0,0.0
148,727,,684,85,717,156,700,156,0.0,0.0
149,728,,3,214,33,284,18,284,0.0,0.0
149,729,,685,79,720,152,702,152,0.0,0.0
149,730,,111,46,140,116,125,116,0.0,0.0
150,731,,691,76,723,151,707,151,0.0,0.0
150,732,,307,122,346,195,326,195,0.0,0.0
150,733,,1101,270,1143,341,1122,341,0.0,0.0
150,734,,109,43,139,112,124,112,0.0,0.0
150,735,,3,212,31,280,17,280,0.0,0.0
150,736,,111,639,151,719,131,719,0.0,0.0
151,737,,693,71,728,146,710,146,0.0,0.0
151,738,,306,117,346,191,326,191,0.0,0.0
151,739,,0,210,30,278,15,278,0.0,0.0
151,740,,1112,270,1150,346,1131,346,0.0,0.0
151,741,,107,39,139,107,123,107,0.0,0.0
151,742,,106,638,146,719,126,719,0.0,0.0
151,743,,157,652,192,719,174,719,0.0,0.0
152,744,,0,208,30,276,15,276,0.0,0.0
152,745,,696,64,734,143,715,143,0.0,0.0
152,746,,305,113,346,187,325,187,0.0,0.0
152,747,,655,301,686,378,670,378,0.0,0.0
152,748,,1113,270,1160,352,1136,352,0.0,0.0
152,749,,102,639,143,718,122,718,0.0,0.0
153,750,,0,206,30,273,15,273,0.0,0.0
153,751,,700,61,737,141,718,141,0.0,0.0
153,752,,305,107,344,184,324,184,0.0,0.0
153,753,,660,302,693,380,676,380,0.0,0.0
153,754,,98,640,139,719,118,719,0.0,0.0
153,755,,781,190,812,273,796,273,0.0,0.0
154,756,,705,56,742,136,723,136,0.0,0.0
154,757,,305,102,341,179,323,179,0.0,0.0
154,758,,98,24,129,90,113,90,0.0,0.0
154,759,,665,302,701,382,683,382,0.0,0.0
154,760,,782,187,817,275,799,275,0.0,0.0
154,761,,543,393,576,493,559,493,0.0,0.0
155,762,,302,98,340,176,321,176,0.0,0.0
155,763,,708,51,747,132,727,132,0.0,0.0
155,764,,96,17,123,85,109,85,0.0,0.0
155,765,,674,303,707,380,690,380,0.0,0.0
155,766,,436,368,471,441,453,441,0.0,0.0
155,767,,1142,274,1198,361,1170,361,0.0,0.0
155,768,,0,200,22,263,11,263,0.0,0.0
155,769,,785,187,816,274,800,274,0.0,0.0
156,770,,301,91,339,173,320,173,0.0,0.0
156,771,,714,45,752,127,733,127,0.0,0.0
156,772,,94,12,121,80,107,80,0.0,0.0
156,773,,0,197,20,268,10,268,0.0,0.0
156,774,,785,185,820,273,802,273,0.0,0.0
156,775,,680,303,713,380,696,380,0.0,0.0
157,776,,0,192,20,271,10,271,0.0,0.0
157,777,,91,4,118,73,104,73,0.0,0.0
157,778,,719,39,757,122,738,122,0.0,0.0
157,779,,688,300,720,380,704,380,0.0,0.0
157,780,,303,86,338,168,320,168,0.0,0.0
158,781,,0,191,20,270,10,270,0.0,0.0
158,782,,89,1,117,70,103,70,0.0,0.0
158,783,,1155,272,1279,357,1217,357,0.0,0.0
158,784,,690,299,725,382,707,382,0.0,0.0
158,785,,723,35,758,119,740,119,0.0,0.0
158,786,,799,399,837,485,818,485,0.0,0.0
159,787,,0,186,19,268,9,268,0.0,0.0
159,788,,1166,276,1279,356,1222,356,0.0,0.0
159,789,,85,0,114,63,99,63,0.0,0.0
159,790,,807,399,847,488,827,488,0.0,0.0
159,791,,695,296,732,382,713,382,0.0,0.0
159,792,,297,74,334,160,315,160,0.0,0.0
159,793,,729,28,764,113,746,113,0.0,0.0
159,794,,437,361,474,444,455,444,0.0,0.0
159,795,,70,648,117,719,93,719,0.0,0.0
159,796,,794,3,828,90,811,90,0.0,0.0
160,797,,1176,275,1279,352,1227,352,0.0,0.0
160,798,,81,0,110,56,95,56,0.0,0.0
160,799,,300,69,333,153,316,153,0.0,0.0
160,800,,816,399,855,495,835,495,0.0,0.0
160,801,,0,180,15,265,7,265,0.0,0.0
160,802,,734,20,769,106,751,106,0.0,0.0
160,803,,437,359,475,442,456,442,0.0,0.0
160,804,,699,295,741,387,720,387,0.0,0.0
160,805,,767,406,805,487,786,487,0.0,0.0
160,806,,793,174,831,261,812,261,0.0,0.0
160,807,,615,445,656,543,635,543,0.0,0.0
160,808,,63,649,113,719,88,719,0.0,0.0
161,809,,824,402,866,503,845,503,0.0,0.0
161,810,,299,62,331,149,315,149,0.0,0.0
161,811,,849,328,916,380,882,380,0.0,0.0
161,812,,1187,273,1255,360,1221,360,0.0,0.0
161,813,,77,0,105,47,91,47,0.0,0.0
161,814,,741,15,776,102,758,102,0.0,0.0
161,815,,793,170,837,258,815,258,0.0,0.0
161,816,,56,652,109,719,82,719,0.0,0.0
161,817,,773,405,812,489,792,489,0.0,0.0
161,818,,437,357,476,442,456,442,0.0,0.0
161,819,,842,0,870,74,856,74,0.0,0.0
161,820,,616,447,657,546,636,546,0.0,0.0
161,821,,638,358,676,459,657,459,0.0,0.0
162,822,,833,404,878,509,855,509,0.0,0.0
162,823,,860,324,924,378,892,378,0.0,0.0
162,824,,745,7,783,94,764,94,0.0,0.0
162,825,,1200,273,1270,366,1235,366,0.0,0.0
162,826,,298,53,329,143,313,143,0.0,0.0
162,827,,73,0,100,39,86,39,0.0,0.0
162,828,,775,404,815,491,795,491,0.0,0.0
162,829,,792,167,843,255,817,255,0.0,0.0
162,830,,711,295,755,387,733,387,0.0,0.0
162,831,,626,447,660,545,643,545,0.0,0.0
162,832,,436,355,476,440,456,440,0.0,0.0
162,833,,47,654,100,719,73,719,0.0,0.0
163,834,,869,320,934,377,901,377,0.0,0.0
163,835,,1212,273,1279,370,1245,370,0.0,0.0
163,836,,843,405,890,515,866,515,0.0,0.0
163,837,,296,45,328,136,312,136,0.0,0.0
163,838,,750,0,789,90,769,90,0.0,0.0
163,839,,40,656,97,719,68,719,0.0,0.0
163,840,,780,403,817,494,798,494,0.0,0.0
163,841,,71,0,95,34,83,34,0.0,0.0
163,842,,628,445,660,547,644,547,0.0,0.0
163,843,,798,165,847,254,822,254,0.0,0.0
163,844,,435,352,475,438,455,438,0.0,0.0
164,845,,878,315,942,374,910,374,0.0,0.0
164,846,,852,407,900,516,876,516,0.0,0.0
164,847,,1225,272,1279,370,1252,370,0.0,0.0
164,848,,296,37,325,129,310,129,0.0,0.0
164,849,,756,0,797,83,776,83,0.0,0.0
164,850,,782,401,822,497,802,497,0.0,0.0
164,851,,35,658,89,719,62,719,0.0,0.0
164,852,,627,446,664,549,645,549,0.0,0.0
164,853,,733,294,766,383,749,383,0.0,0.0
164,854,,435,349,475,436,455,436,0.0,0.0
165,855,,787,400,828,512,807,512,0.0,0.0
165,856,,890,312,952,371,921,371,0.0,0.0
165,857,,860,411,911,524,885,524,0.0,0.0
165,858,,294,28,324,123,309,123,0.0,0.0
165,859,,760,0,802,77,781,77,0.0,0.0
165,860,,738,291,775,380,756,380,0.0,0.0
165,861,,435,346,476,435,455,435,0.0,0.0
165,862,,630,446,667,554,648,554,0.0,0.0
165,863,,800,154,857,255,828,255,0.0,0.0
166,864,,874,413,921,525,897,525,0.0,0.0
166,865,,899,304,963,367,931,367,0.0,0.0
166,866,,789,401,834,514,811,514,0.0,0.0
166,867,,746,286,783,381,764,381,0.0,0.0
166,868,,436,343,476,435,456,435,0.0,0.0
166,869,,293,18,324,117,308,117,0.0,0.0
166,870,,536,386,582,498,559,498,0.0,0.0
166,871,,589,385,630,485,609,485,0.0,0.0
166,872,,631,445,669,559,650,559,0.0,0.0
166,873,,805,153,863,252,834,252,0.0,0.0
166,874,,661,355,703,463,682,463,0.0,0.0
166,875,,19,664,77,718,48,718,0.0,0.0
167,876,,886,415,935,527,910,527,0.0,0.0
167,877,,793,400,838,515,815,515,0.0,0.0
167,878,,906,299,974,362,940,362,0.0,0.0
167,879,,752,283,789,384,770,384,0.0,0.0
167,880,,529,383,582,498,555,498,0.0,0.0
167,881,,435,340,476,434,455,434,0.0,0.0
167,882,,292,10,323,111,307,111,0.0,0.0
167,883,,809,140,868,248,838,248,0.0,0.0
167,884,,594,385,634,490,614,490,0.0,0.0
167,885,,667,353,708,460,687,460,0.0,0.0
167,886,,630,445,672,561,651,561,0.0,0.0
168,887,,916,291,988,360,952,360,0.0,0.0
168,888,,895,419,946,526,920,526,0.0,0.0
168,889,,527,380,586,501,556,501,0.0,0.0
168,890,,289,3,323,102,306,102,0.0,0.0
168,891,,799,402,843,515,821,515,0.0,0.0
168,892,,436,336,476,435,456,435,0.0,0.0
168,893,,816,143,867,243,841,243,0.0,0.0
168,894,,759,280,797,383,778,383,0.0,0.0
168,895,,640,375,683,460,661,460,0.0,0.0
168,896,,597,387,633,491,615,491,0.0,0.0
168,897,,672,350,711,457,691,457,0.0,0.0
168,898,,409,608,466,718,437,718,0.0,0.0
168,899,,633,445,678,560,655,560,0.0,0.0
169,900,,906,418,957,527,931,527,0.0,0.0
169,901,,816,132,868,238,842,238,0.0,0.0
169,902,,522,379,585,499,553,499,0.0,0.0
169,903,,435,333,476,434,455,434,0.0,0.0
169,904,3,287,0,322,97,304,97,0.0,0.0
169,905,,765,277,804,383,784,383,0.0,0.0
169,906,,412,610,468,719,440,719,0.0,0.0
169,907,,803,403,848,513,825,513,0.0,0.0
169,908,,636,445,685,560,660,560,0.0,0.0
169,909,,674,347,716,456,695,456,0.0,0.0
169,910,,597,388,638,487,617,487,0.0,0.0
170,911,,917,418,967,525,942,525,0.0,0.0
170,912,8,283,0,320,87,301,87,0.0,0.0
170,913,,806,403,854,514,830,514,0.0,0.0
170,914,,771,275,814,385,792,385,0.0,0.0
170,915,,519,376,586,500,552,500,0.0,0.0
170,916,,433,329,475,433,454,433,0.0,0.0
170,917,,412,611,470,719,441,719,0.0,0.0
170,918,,821,136,869,233,845,233,0.0,0.0
170,919,,678,345,721,457,699,457,0.0,0.0
170,920,,372,405,426,478,399,478,0.0,0.0
170,921,,651,377,696,489,673,489,0.0,0.0
170,922,,642,445,688,562,665,562,0.0,0.0
170,923,,603,389,641,487,622,487,0.0,0.0
170,924,,452,523,563,576,507,576,0.0,0.0
171,925,,927,419,980,538,953,538,0.0,0.0
171,926,4,280,0,321,77,300,77,0.0,0.0
171,927,,415,613,472,719,443,719,0.0,0.0
171,928,,943,271,1019,349,981,349,0.0,0.0
171,929,,523,373,589,497,556,497,0.0,0.0
171,930,,432,327,475,428,453,428,0.0,0.0
171,931,,823,127,875,231,849,231,0.0,0.0
171,932,,642,444,685,563,663,563,0.0,0.0
171,933,,810,403,861,516,835,516,0.0,0.0
171,934,,777,272,823,384,800,384,0.0,0.0
171,935,,603,390,650,501,626,501,0.0,0.0
171,936,,682,339,726,457,704,457,0.0,0.0
171,937,,416,424,496,492,456,492,0.0,0.0
171,938,,371,403,423,475,397,475,0.0,0.0
172,939,,938,420,992,550,965,550,0.0,0.0
172,940,,415,613,474,719,444,719,0.0,0.0
172,941,,432,321,476,426,454,426,0.0,0.0
172,942,,785,270,832,383,808,383,0.0,0.0
172,943,,958,265,1030,348,994,348,0.0,0.0
172,944,,816,403,868,515,842,515,0.0,0.0
172,945,,527,371,591,495,559,495,0.0,0.0
172,946,,825,118,880,228,852,228,0.0,0.0
172,947,,279,0,322,68,300,68,0.0,0.0
172,948,,644,442,689,563,666,563,0.0,0.0
172,949,,402,422,496,492,449,492,0.0,0.0
173,950,,950,423,1005,556,977,556,0.0,0.0
173,951,,969,261,1042,344,1005,344,0.0,0.0
173,952,,418,615,475,719,446,719,0.0,0.0
173,953,,792,267,839,378,815,378,0.0,0.0
173,954,,822,401,874,516,848,516,0.0,0.0
173,955,,530,369,592,496,561,496,0.0,0.0
173,956,,432,320,475,423,453,423,0.0,0.0
173,957,,833,116,886,224,859,224,0.0,0.0
173,958,,645,441,692,565,668,565,0.0,0.0
173,959,,158,657,200,719,179,719,0.0,0.0
174,960,,962,426,1021,566,991,566,0.0,0.0
174,961,,430,315,476,421,453,421,0.0,0.0
174,962,,531,365,594,496,562,496,0.0,0.0
174,963,,803,263,849,376,826,376,0.0,0.0
174,964,,828,399,882,521,855,521,0.0,0.0
174,965,,419,615,477,719,448,719,0.0,0.0
174,966,,834,103,893,224,863,224,0.0,0.0
174,967,,647,440,695,564,671,564,0.0,0.0
174,968,,977,253,1050,339,1013,339,0.0,0.0
174,969,,451,523,570,579,510,579,0.0,0.0
174,970,,619,402,663,504,641,504,0.0,0.0
174,971,,152,661,195,719,173,719,0.0,0.0
174,972,,274,1,318,51,296,51,0.0,0.0
174,973,,402,411,490,490,446,490,0.0,0.0
175,974,,973,430,1033,571,1003,571,0.0,0.0
175,975,,835,95,900,219,867,219,0.0,0.0
175,976,,831,396,888,527,859,527,0.0,0.0
175,977,,983,246,1062,334,1022,334,0.0,0.0
175,978,,429,312,475,420,452,420,0.0,0.0
175,979,,530,361,593,496,561,496,0.0,0.0
175,980,,650,439,697,566,673,566,0.0,0.0
175,981,,813,258,858,374,835,374,0.0,0.0
175,982,,451,523,571,581,511,581,0.0,0.0
175,983,,420,615,478,719,449,719,0.0,0.0
175,984,,147,663,191,719,169,719,0.0,0.0
175,985,,620,403,669,526,644,526,0.0,0.0
175,986,,366,392,426,475,396,475,0.0,0.0
175,987,,271,0,317,43,294,43,0.0,0.0
176,988,,984,434,1047,575,1015,575,0.0,0.0
176,989,,833,394,895,527,864,527,0.0,0.0
176,990,,824,253,870,372,847,372,0.0,0.0
176,991,,428,307,474,418,451,418,0.0,0.0
176,992,,648,438,701,566,674,566,0.0,0.0
176,993,,451,523,574,581,512,581,0.0,0.0
176,994,,533,358,593,495,563,495,0.0,0.0
176,995,,420,616,480,719,450,719,0.0,0.0
176,996,,143,665,185,719,164,719,0.0,0.0
176,997,,840,91,902,228,871,228,0.0,0.0
176,998,,423,406,489,486,456,486,0.0,0.0
176,999,,1003,239,1074,328,1038,328,0.0,0.0
176,1000,,363,388,427,476,395,476,0.0,0.0
176,1001,,690,380,749,508,719,508,0.0,0.0
177,1002,,999,436,1062,575,1030,575,0.0,0.0
177,1003,,427,302,475,414,451,414,0.0,0.0
177,1004,,536,355,593,492,564,492,0.0,0.0
177,1005,,450,521,576,582,513,582,0.0,0.0
177,1006,,838,392,901,526,869,526,0.0,0.0
177,1007,,832,247,881,372,856,372,0.0,0.0
177,1008,,653,439,705,568,679,568,0.0,0.0
177,1009,,137,666,182,719,159,719,0.0,0.0
177,1010,,358,384,423,475,390,475,0.0,0.0
177,1011,,625,401,678,536,651,536,0.0,0.0
177,1012,,422,404,489,484,455,484,0.0,0.0
177,1013,,421,619,482,719,451,719,0.0,0.0
177,1014,,696,379,757,514,726,514,0.0,0.0
177,1015,,1008,231,1088,320,1048,320,0.0,0.0
178,1016,,1010,437,1077,574,1043,574,0.0,0.0
178,1017,,841,390,905,529,873,529,0.0,0.0
178,1018,,840,241,891,370,865,370,0.0,0.0
178,1019,,536,352,592,491,564,491,0.0,0.0
178,1020,,449,519,580,583,514,583,0.0,0.0
178,1021,,426,297,476,410,451,410,0.0,0.0
178,1022,,630,403,682,545,656,545,0.0,0.0
178,1023,,421,401,489,483,455,483,0.0,0.0
178,1024,,132,669,177,719,154,719,0.0,0.0
178,1025,,357,381,426,474,391,474,0.0,0.0
178,1026,,658,436,709,568,683,568,0.0,0.0
178,1027,,419,619,485,719,452,719,0.0,0.0
178,1028,,859,112,905,218,882,218,0.0,0.0
179,1029,,1025,437,1094,576,1059,576,0.0,0.0
179,1030,,846,392,909,527,877,527,0.0,0.0
179,1031,,849,236,904,369,876,369,0.0,0.0
179,1032,,537,347,591,489,564,489,0.0,0.0
179,1033,,424,293,474,404,449,404,0.0,0.0
179,1034,,355,376,421,474,388,474,0.0,0.0
179,1035,,448,520,582,583,515,583,0.0,0.0
179,1036,,418,396,490,482,454,482,0.0,0.0
179,1037,,419,620,486,719,452,719,0.0,0.0
179,1038,,125,671,169,719,147,719,0.0,0.0
179,1039,,709,369,770,526,739,526,0.0,0.0
179,1040,,633,401,684,547,658,547,0.0,0.0
179,1041,,662,435,713,569,687,569,0.0,0.0
